age,gender,bmi,children,smoker,region,charges
56,male,23.779201893227206,1,no,southeast,11452.139984065285
46,female,33.52462827776236,2,no,northeast,17491.39987071689
32,female,20.207944398335023,4,yes,northwest,40008.86701634948
60,female,17.204776173519672,4,no,northeast,17789.214152144923
25,male,27.76005780021333,3,yes,northwest,36328.84260135408
38,male,23.991783102589554,4,no,northeast,16856.02583071778
56,male,21.91506873147715,0,yes,southeast,30175.14214017907
36,male,28.833425789197413,4,no,northeast,20375.11372349933
40,male,26.975202855084795,3,no,southwest,15374.709129531406
28,male,23.743685477053088,2,no,northwest,12392.728878509271
28,male,20.87878240531642,2,no,northwest,12296.547865822891
41,male,29.48982931312058,4,no,southeast,14746.767129305212
53,female,28.600804711834645,1,no,northwest,13596.983239799052
57,female,25.60329654488247,2,no,southwest,13695.275260096028
41,male,33.38654798419066,4,yes,northeast,35935.00331654689
20,male,21.71966093469539,3,no,southeast,11965.725839102475
39,female,19.897899316301043,4,yes,southwest,35849.22226072611
19,male,23.232367720475022,2,no,northwest,12959.765078260662
41,male,25.81765593457801,3,no,northwest,13135.951954711538
61,male,26.973357797290767,4,no,southwest,17914.976681359647
47,female,25.03505576857468,0,no,northeast,10177.78767481096
55,female,27.408221586057188,3,no,northeast,14330.056774502942
19,female,20.993842303238225,0,yes,southeast,25581.986483535333
38,female,31.77505841629304,1,no,northwest,8826.058212592165
50,female,25.671395286429725,3,no,southwest,17974.30197729674
29,male,30.46918332635251,0,no,northeast,8391.110424390132
39,female,27.370901385510816,2,no,southeast,13342.344587097678
61,male,27.827012876615136,2,no,northwest,17497.423214905208
42,male,28.279069120928817,1,no,northwest,10411.276056877989
44,female,27.79083424006926,3,no,southeast,15334.192830717844
59,female,28.570891039470176,3,no,southeast,15501.522209282555
45,male,31.316610120529724,3,no,northeast,14646.314582114323
33,male,26.78608467880588,1,yes,southwest,28816.051147749422
32,male,28.836015030354048,3,no,northwest,13982.222224403478
64,female,25.641057222851092,2,no,southwest,14758.620376224088
61,female,31.76046886179789,0,no,northwest,13029.358074156338
20,female,23.29443079176292,2,yes,northwest,29217.5661039162
54,female,33.20376173164326,2,no,southwest,16680.017698163607
24,female,25.839368197422626,0,no,southeast,8537.876222530982
38,male,20.27689959152781,2,no,northeast,11864.355634335468
26,female,26.512417659643155,1,no,northwest,8293.03438709187
56,male,23.275793370100477,0,yes,southeast,30770.15806395998
35,male,29.362574195954895,2,no,northwest,12966.679913170088
21,male,23.389504082790438,4,no,northeast,15540.70365854709
42,female,24.21526626714088,2,no,northwest,16339.732872519933
31,female,18.441837076217876,1,no,northeast,10237.274096855432
26,female,24.190774723003692,3,yes,northeast,32321.538877439736
43,male,16.304482693484175,2,no,northwest,11518.220776115882
19,male,19.664388706057107,3,yes,northwest,31195.59673735683
37,male,29.041658624577188,4,no,northeast,14582.799110693193
45,male,29.14320063460333,2,no,southeast,16194.127343611823
64,male,27.70183024713986,0,no,southwest,7473.808410716443
24,male,22.132095427483147,3,no,northeast,14376.209635438612
61,female,25.809154575432082,4,no,northwest,17525.703101735955
25,female,25.985589843637726,0,no,northwest,6672.3075394793095
64,female,21.36654124322983,0,no,southeast,9604.024716911223
52,female,32.0135932070686,0,no,southwest,14494.447960697784
31,male,29.509449162302687,0,no,northeast,9034.521035832091
34,male,25.116143304681344,2,yes,northeast,34003.985711021975
53,female,26.107543355978123,2,no,southwest,17122.562388387636
57,male,26.83353123179021,2,no,northeast,15393.51719440285
21,female,17.833060526302837,4,no,southwest,12708.752458289575
19,female,25.01129046991761,4,no,northwest,14460.972593751978
23,female,23.272063008008807,4,no,southwest,13815.503972867595
59,male,21.993519960420336,1,yes,northeast,31892.991676225403
21,female,24.87559882845618,4,no,southwest,14910.752414701423
46,female,33.19074610739809,2,no,southeast,14969.83793729509
35,female,28.56337144506804,2,no,northwest,14036.892611054182
43,male,23.715284040868813,1,yes,northwest,32414.608587560975
61,male,28.290331125424636,1,no,southwest,13489.775872552013
51,female,31.597421746344008,4,no,northeast,20226.422185484636
27,male,29.698534731651076,3,no,southeast,13540.987236459332
53,male,26.238521479680696,1,yes,northwest,35177.26394712915
31,male,23.412252889177704,0,no,northwest,6968.977423564707
48,male,28.79289325445436,2,no,northeast,16952.951620135726
32,male,27.573941541687,0,no,northeast,5762.654124793957
25,male,29.580772880110928,2,no,southeast,11655.340061200493
31,male,28.540687206727878,2,no,southwest,12146.181094118365
40,male,30.19821086127734,1,no,northeast,12597.625761752415
57,male,23.859059153757727,1,yes,southwest,34423.633606437645
38,male,31.269576262537303,0,no,southeast,7555.124846388405
33,female,26.7903984187696,2,no,southwest,10442.113599668104
62,female,34.30104349050106,0,no,northwest,10256.392562667737
35,male,23.243248727641728,3,yes,southwest,37140.368394396835
64,female,32.943855212661,0,yes,southeast,33583.980928126446
41,female,26.79164313385059,4,no,southeast,15289.586209855872
43,male,23.394327985542205,0,no,southeast,8413.810252087858
42,male,24.064456663782714,4,no,southwest,19563.52279132299
62,male,24.71861076722272,4,no,northwest,18643.761539377523
58,female,27.696663785607665,4,no,northeast,18664.95648153919
46,female,28.091341952142,3,no,northwest,14655.674976782284
32,male,23.705199984245684,0,no,southwest,6150.015372362474
62,male,25.902581630956067,0,no,southwest,13747.163947077526
18,male,34.569081434447455,3,no,northeast,18061.619464373613
42,female,32.910172680402844,2,yes,southwest,32811.64573050587
24,female,27.74529467869613,1,no,southeast,12758.943594175465
26,female,26.1520139126728,0,no,southeast,6855.62394995435
41,female,26.480125306873045,1,no,southeast,12463.321052112382
18,male,28.454071890921668,3,no,southeast,16311.24198781315
61,male,21.90882973920638,2,no,southeast,14809.846808592736
25,male,24.97049385030662,2,no,southwest,10844.116159465282
41,male,19.325663704489642,2,no,northeast,14702.161927576371
28,female,27.596892490421116,3,no,northeast,12099.472824011726
34,female,28.588783758810965,4,no,southeast,19411.879507443053
25,male,24.067254150802505,4,no,southwest,15785.618784885166
52,male,32.295947053160134,1,yes,northwest,32503.68839432367
52,female,21.096937347990636,4,yes,northwest,36991.66479336829
50,male,20.14250047916072,4,no,southwest,15233.074976343269
22,female,26.897807274239888,2,no,southeast,10507.217121599999
59,male,30.188393210448616,2,no,northeast,15409.60311810092
56,male,32.73571076583148,1,no,southwest,12024.555089743333
58,male,24.16446294852424,0,no,northwest,10709.07004774199
45,male,30.314723333725183,1,no,northwest,13508.778835796027
24,male,25.845966121997172,1,no,northwest,9142.248952400596
26,male,25.30949080023672,3,no,southeast,14987.349813085879
25,male,29.534639749946688,3,no,northwest,12792.647984030666
29,female,28.60929151365368,1,no,southwest,12628.623831170617
51,female,19.694431372063,1,no,southwest,12343.629411549717
50,female,31.906161398903585,1,no,northwest,16471.746619290203
40,female,31.520365416589804,4,yes,southwest,43132.50770779543
41,female,23.497749193961884,3,no,northwest,14159.512815393438
54,male,27.583214133749635,1,no,northwest,12058.515072947012
52,male,27.976120745130956,2,no,northeast,14302.739905128756
61,female,27.04269506329563,2,no,southeast,16699.943513010156
57,male,23.79877938461832,4,no,southeast,21351.93994095018
39,female,23.313506528247792,4,no,northeast,15594.383031660393
44,female,25.89778371603422,0,no,northeast,10342.04527616299
52,male,30.690916077037457,0,no,southeast,11066.328635695956
18,male,28.174400618377728,0,yes,northwest,28671.09832875672
52,male,24.517542671655576,4,yes,northwest,41218.91538681538
54,female,29.086794842593378,4,no,southeast,18736.702493652643
64,male,14.605829517479698,4,no,northwest,16060.26466665254
31,female,30.595062801488414,2,no,northeast,14706.815914058268
20,female,19.0411448848876,4,yes,northwest,33334.58956278909
18,female,24.550236234387473,2,no,northwest,10513.768526072445
22,male,21.521320421495425,0,yes,southwest,28774.06167374323
43,male,20.821274097116376,0,no,southwest,9894.789707062217
31,female,30.64330714951408,0,no,southwest,9025.221378796725
56,male,24.129195194752434,1,no,northwest,11448.236575083358
44,male,27.38601552692286,1,yes,southeast,26077.415544834574
26,male,25.812317684483265,3,no,northeast,15159.105168409056
32,female,27.908163308892487,3,no,northwest,14275.72926332697
32,female,26.307287564241022,3,no,southeast,17488.130069559655
43,male,20.86803110324572,1,no,northwest,12096.05605992374
59,female,29.98506727778856,1,no,northeast,12814.762710488027
30,male,24.02497366735475,3,no,northwest,16133.74017675208
49,male,19.773672405360998,3,no,northeast,18202.25881191638
56,male,24.28753935613635,4,no,northwest,18161.936371295044
49,male,32.00303916253724,3,no,northeast,19687.897563653903
21,female,29.40088696845397,4,no,northwest,14869.5612829187
47,female,24.605391462368562,2,no,northeast,14019.295538815806
54,female,24.602969182726284,1,yes,southwest,33542.81677543756
40,male,24.71345979513047,3,yes,northwest,36569.56316802838
56,male,34.306991934243364,1,no,northwest,15704.442084080452
62,male,27.527741808926212,1,no,southeast,13040.234000658897
32,female,27.72016658876428,1,no,southeast,12931.42859913574
60,male,30.12113381612737,2,no,northeast,15775.372117012635
46,female,26.955156636106054,0,no,northwest,8852.976602670824
53,female,24.963831416717188,3,no,northeast,15191.324065373337
30,female,25.214600603660088,0,no,southwest,11922.896903684687
49,female,25.713594962343745,0,yes,southeast,28558.75213628486
24,female,25.851111053960633,0,no,northeast,10153.49266431302
39,female,28.91051817454792,1,yes,northeast,29411.170243289245
45,male,26.207783543229198,4,yes,southeast,38717.36759879421
19,male,28.93056030886232,1,no,northwest,10280.278964754132
59,female,25.67713367956567,1,no,northeast,16277.880495365589
62,female,26.31454076126436,0,no,southeast,10154.104361915843
23,male,18.007197261871568,1,no,northwest,7438.671564079226
45,female,29.665310698809925,0,no,southwest,10200.04138306802
45,female,27.38595390359197,4,no,southeast,21306.7944391993
61,male,29.992040439438608,3,yes,northeast,36330.09112800018
61,female,14.414978487225243,0,no,southwest,5923.166735591601
37,female,34.35349881912291,4,no,northwest,18690.235438571148
47,female,25.441641487379304,3,no,northwest,17687.37413339788
28,male,30.432731266950064,2,yes,southeast,30858.934388110287
45,male,21.840376291497876,0,no,southeast,11195.864346706529
42,male,28.45109562025028,0,no,southeast,7818.397154025143
56,female,21.786337747305375,2,no,northwest,14306.882928616642
50,female,23.50492415721678,2,no,southwest,15505.364630572114
18,male,33.656125415467145,0,no,northwest,6156.294279616552
44,female,25.237270396946613,2,no,northeast,13810.480742404432
30,female,26.86973149271889,1,no,northwest,12803.893321128253
58,female,29.480270922755018,3,no,northeast,18643.922382973702
20,female,27.98272755189042,3,no,southwest,12155.293395196548
56,female,26.601675620574305,3,no,southeast,19957.771829548452
23,male,27.459844009864902,1,no,southeast,11108.753825817961
25,female,35.6136623409531,2,no,northwest,9901.836468342006
44,male,25.769524811865658,4,no,southeast,19282.392191841587
26,female,26.80439618685987,2,no,southwest,10818.13073253742
54,male,30.20261758403045,0,no,southeast,11833.650612091018
50,female,30.422103731831935,3,no,northwest,19100.428754952907
59,male,30.748121222241522,2,no,southwest,14950.415075118637
61,female,28.55492088811674,4,no,northeast,16519.79894953972
41,male,21.427980349078066,0,no,northwest,12111.090383811657
32,female,32.53372612920438,1,no,northeast,14035.912168244771
49,male,21.414618427925248,1,no,southwest,11725.487973634108
49,female,27.210541860956134,4,no,northwest,20048.95127517546
41,male,22.98289659992257,0,no,northwest,8361.22653587263
58,male,25.74344661362803,3,no,southwest,17142.629676247307
29,female,27.31504964121392,2,no,southeast,12074.434042969304
56,female,27.285428861801094,0,yes,northwest,30399.197601645614
19,male,27.68768301694114,1,no,northwest,10156.141763559737
20,female,32.45484507623459,4,no,northeast,14074.611367955742
54,male,27.814137206055918,4,no,southeast,18459.66577968003
34,male,25.023373458837405,2,no,northeast,13033.63363673429
19,male,29.85634867315343,4,no,northeast,19547.471150553956
19,female,30.75788195569856,4,yes,southeast,33716.50796051432
45,male,21.08956873945203,0,no,southeast,10541.106115464854
40,male,28.38960027939943,3,no,southwest,16938.21760873561
54,female,28.804690969243595,2,no,southeast,11407.500732483246
49,female,24.80974598656003,0,no,northwest,10721.064028818504
50,female,31.50282725324648,3,no,southeast,19061.135608616856
18,female,25.399777651869893,0,yes,southwest,28057.260889138848
36,male,26.50230581388617,0,no,southwest,8732.606653031882
19,male,25.30771270286452,4,no,southwest,15628.02261361776
61,male,26.06231619032587,3,yes,southeast,37652.15263256324
43,male,21.614899652419194,2,no,southeast,9921.08532336961
49,female,20.239796469622824,2,no,northeast,14286.640649508932
23,male,32.37802025289989,3,no,northeast,14041.463238616632
49,male,22.61215460672669,4,no,northwest,16490.355658004035
21,female,22.034430602174773,1,yes,northeast,34069.939907173306
28,male,17.38643954558514,0,yes,northwest,30305.231439239113
34,male,23.44415300924199,4,no,southwest,14099.655879371225
55,male,20.707640826370007,3,no,northeast,17193.27239313168
41,male,32.568060640545475,0,no,southeast,13529.662679237745
22,male,30.03926835737054,2,no,northeast,9215.455363322104
51,male,23.247398619289104,1,no,northwest,12253.966282814308
23,female,35.009743221377235,2,no,northeast,13550.094095714434
39,female,29.927061947966376,3,no,southwest,13336.42662459523
28,male,24.70067446596551,0,no,southeast,8559.100609224459
33,male,16.002377140505708,3,no,northwest,16532.49278103625
50,female,35.16377029036297,0,yes,southeast,35048.8492409109
26,male,20.441710132945616,4,no,southeast,15101.27179674811
23,male,19.418405012172432,1,no,northwest,14303.290070270225
33,male,30.090281728038562,4,no,southeast,13202.122838814204
46,female,35.759009625357095,4,no,southeast,20464.235344700344
20,male,31.537091274042073,3,no,northeast,11482.829614948703
37,female,28.25563648020944,1,no,southeast,11531.492571035687
53,male,28.379017366661145,0,yes,southeast,29931.989973122167
36,female,29.41366223512123,0,yes,southeast,30496.487359805367
43,female,29.03571435914706,2,no,southeast,13853.381443625023
20,male,27.124765695877503,0,yes,northwest,25772.98478312247
36,female,26.416804415807505,3,no,southwest,13362.77898803354
37,male,25.74962748840191,4,no,northeast,20714.844492579487
49,female,22.984141644533295,4,no,southeast,18787.04747692483
24,male,24.877299692532905,4,no,southeast,11995.742586923225
58,male,19.228172743218458,1,no,northwest,13901.575470233527
50,female,25.606641492821,0,no,southwest,9731.974973848206
57,male,22.045635571396332,3,no,southeast,16709.202174194277
56,male,21.585642731136915,1,yes,northwest,34239.77630796359
35,female,26.719576604613913,2,no,northeast,15210.369668348474
57,male,31.568009145378397,3,no,northeast,16295.976373234302
18,male,29.673266424009253,3,no,southeast,13675.169976491083
28,female,19.71799758550729,3,no,southeast,12707.777994522861
45,female,22.04148745371865,4,yes,southwest,38693.724362148525
42,male,29.763084751952864,3,no,southwest,15688.007962918235
40,male,22.070050425846762,0,no,southeast,9058.502959403751
48,female,25.101467400011902,3,no,northwest,15279.739957982052
47,female,28.20020839609821,4,no,southwest,18127.80264808098
59,male,22.12662218054546,3,no,southeast,20309.30201185627
52,female,26.42150202458384,2,yes,southwest,39265.83273445221
24,male,20.66389802032718,2,no,southeast,12154.184187484952
33,male,23.594529424195144,4,yes,northeast,36100.06044036619
43,male,27.279127736570146,0,no,southeast,6564.552025534663
19,male,19.628025065873324,0,no,northeast,5379.163600377253
18,male,27.761898951841594,1,no,southwest,9098.907718796507
29,female,25.921448804293274,4,no,southeast,14654.1633195838
22,female,28.20995981766859,3,yes,southwest,32622.190437789868
54,female,26.895656536258645,4,no,northeast,21929.910255364062
49,female,31.456561719895376,1,yes,southeast,33248.89397145604
26,male,26.50089801059163,4,no,southwest,16136.603584922199
58,male,24.282377835498988,4,no,northeast,17451.618879323545
52,male,26.489190012129136,1,no,southwest,14852.927451964999
36,male,28.17319211614555,0,no,northwest,8809.481167251974
33,female,26.19544028130282,3,yes,northeast,33497.360725958846
20,male,26.16236676481553,1,yes,northeast,26070.971718344223
37,male,23.19203324877298,2,yes,northeast,32577.796172497267
41,female,23.34839632979621,0,no,southeast,7995.883996445196
50,female,20.389578912801227,2,no,southeast,17369.1594920338
41,female,32.998306972747756,0,no,southeast,14387.458778553453
28,female,21.02454705843486,3,no,northwest,11329.439010467451
25,male,23.22837920881637,3,no,northwest,11255.693524238006
53,male,23.12637093772321,4,no,northeast,17747.360729747103
55,female,29.579697507777766,2,no,northwest,13783.86371076701
57,male,24.82020128683189,0,no,southwest,11134.833151373427
37,male,30.990968290694937,3,no,northeast,15244.946679967852
52,male,23.306037503024527,1,yes,northeast,32761.064681110518
42,female,27.11597664889521,3,no,southwest,17655.382373072975
52,male,22.65861178696097,1,no,northeast,10071.556979328985
42,female,34.58059651109355,0,no,northwest,13106.541747173507
46,male,21.24960632388195,3,yes,southeast,34142.69517135964
35,male,27.23928284090811,3,no,southwest,19244.822266479172
63,male,28.535107523728392,0,no,northwest,15248.973437244455
35,female,27.655196389805994,3,yes,southwest,34804.87860618873
19,male,25.258849364489166,1,no,southwest,7024.602983837749
52,female,25.480717201066295,3,no,northeast,13986.411480864092
33,female,26.17524588791644,2,yes,northeast,34282.30618173235
58,female,25.411991993486044,4,yes,northwest,38821.59286563621
53,male,29.85551646717964,1,no,southwest,15124.837064939844
50,male,34.842092006365405,2,no,northeast,20376.87633986436
21,male,23.770032859968666,0,no,northeast,5559.234122567753
50,male,20.52078808168369,1,no,southwest,9539.723512483824
31,female,25.64687180659498,4,yes,northwest,36614.49483038425
38,female,36.31883735061727,4,no,northwest,21353.286693028047
37,female,22.785301728121077,0,no,southwest,6819.079420428486
25,male,32.55646722177627,0,yes,northwest,29080.542921873748
24,female,32.710803256305766,1,no,northeast,13682.247973603135
20,male,23.785647033168022,3,no,southwest,9734.244323019255
34,female,28.275932316741102,0,no,northeast,9525.822386226419
50,male,32.51358649251415,3,yes,southeast,36422.51111130526
29,male,24.483489036050052,2,no,southeast,12148.313181942605
39,female,25.185678559590553,4,no,northwest,18356.704293085488
39,female,23.673276344205426,3,no,southeast,15341.617015776183
63,female,21.940973077228534,4,yes,northeast,37279.55519577629
47,female,23.40288981973597,3,no,southeast,14697.507723533043
55,male,21.104238932950974,2,no,northeast,17353.18596064893
55,female,26.136333873036904,0,no,northwest,11385.132562455577
62,female,22.920107075765433,2,no,northwest,16880.638255169695
25,female,26.93514364716299,0,no,northeast,8387.619349798682
44,male,19.77641741518549,0,no,southeast,11018.23213648384
44,male,27.32352092885783,4,no,northwest,17072.412005896924
51,female,29.334115846435697,2,no,southwest,13431.79987575227
38,male,18.025057429714177,3,no,northwest,16327.395431696094
47,female,27.49622627939029,2,no,southeast,16453.993276769168
50,male,30.91067596989317,4,no,southwest,17353.57257238535
45,male,21.16143592523518,0,no,southeast,8348.110377152545
64,male,32.690289547350815,4,no,northeast,20611.60505300835
50,male,27.67607603746418,1,yes,southwest,35774.864417458135
22,female,23.179952576966365,1,no,southeast,10326.27091033652
36,female,25.776923689369177,3,no,southwest,12107.211078142062
21,female,28.23330765008689,4,no,southeast,15560.695946838376
52,male,26.304021565649645,3,no,southwest,15969.04680162906
34,female,28.155023969785475,3,no,southeast,12684.465681949234
61,female,22.317305627682536,1,no,northeast,12890.416166210545
45,female,26.67744329614431,3,no,southwest,15255.413780016117
47,male,20.34514201238008,1,no,southwest,10976.734952765682
46,male,25.555095754605198,0,no,southwest,8896.256416157417
63,male,22.38436943414084,4,no,southwest,22242.787096697608
23,female,23.057880229640933,3,no,northeast,12572.59376779897
52,female,30.94437270084175,1,yes,southwest,33488.216652768875
58,female,30.365240482377075,2,yes,northwest,35755.51867192196
54,male,28.43655248362871,3,no,northeast,16077.27679599107
41,male,21.630748941309683,0,yes,northwest,29259.009464735394
46,female,24.73436620122079,0,no,southwest,9730.701192195527
63,male,30.852390799916733,2,no,southeast,16629.99121378178
48,male,26.56686765455962,1,no,northwest,10394.907246719082
52,male,35.27731815992678,3,no,southwest,17843.214617480073
50,male,27.573271357577486,1,no,northwest,14035.298022215213
38,female,26.768196465960127,0,no,southwest,8794.006030431945
49,male,24.763534143189993,1,no,southwest,12223.563825202516
40,male,26.534163619129128,0,no,southwest,9640.906725278537
50,male,25.390120654477826,1,yes,southeast,32912.8143923634
20,male,28.832434706754363,2,no,northwest,12883.788771378493
35,female,29.826809267178337,4,yes,northeast,37117.060633937224
42,female,22.8560421579682,2,no,northeast,11377.329393815808
59,male,20.675068185768886,2,no,northeast,12462.569342650248
48,male,18.655178507586815,4,yes,northeast,39835.37282547272
20,male,28.031965307650175,4,no,southwest,17146.893957472166
57,male,21.586533575304507,3,no,northwest,17998.729368675053
63,male,17.38843762819007,3,no,northwest,18922.407055725347
41,male,27.554314418123855,2,no,southeast,13287.750916372996
49,female,35.971998069731164,2,no,northwest,14844.646778415132
64,male,25.975716353840426,0,yes,northwest,29634.328451172012
39,female,29.353963097806567,0,no,northwest,7592.092626390314
40,female,26.32731743419026,3,no,southeast,17689.780863938715
19,male,25.60444138723543,3,no,northeast,12034.598565938788
44,female,29.676305931951074,0,yes,northwest,32444.979324811986
59,female,24.838901823245394,0,no,southeast,10526.228339238698
19,female,27.06956925628761,1,no,southeast,7961.431434772675
43,female,27.286791224784054,1,no,southwest,9568.628649856524
34,female,23.327638185427805,0,yes,southeast,27223.6912860245
57,female,29.96816939814609,1,no,northeast,16530.1114454418
50,male,25.300160973218365,4,no,northwest,15891.61203508405
26,female,22.97701936202862,3,no,southeast,17833.4936429593
60,female,28.146039374281614,3,no,northeast,15947.993019917034
56,female,22.406128072835852,0,no,southeast,12099.89994130249
46,male,26.112724629476514,2,no,southeast,13532.042337385326
59,female,25.963524013423186,0,yes,southeast,30451.585637632266
43,male,30.34358226332631,1,no,southeast,9825.874898414992
52,female,27.89879293151981,2,no,southeast,14582.972620801485
42,male,25.899892165019423,1,no,northeast,9063.406440271876
41,male,29.27106519680115,4,no,northwest,14591.058839825346
30,female,31.560830196069254,1,yes,northwest,31551.36339564875
24,female,28.231241225407448,4,no,northwest,14775.40203140998
53,male,26.04141047937352,4,no,northwest,21876.979128124665
62,female,20.75265507059936,1,yes,northeast,35200.043430185644
37,male,21.73954534769851,1,no,southwest,14094.86436267354
18,male,24.77910118258133,4,no,southwest,13438.234190984203
25,male,23.561951191362866,2,yes,northeast,31772.275480262575
63,male,25.252114788058215,4,no,northeast,14109.081038249537
33,male,26.22659969958843,3,no,southeast,13981.715178544238
31,female,28.118771017426923,4,no,southeast,16920.750899534745
29,male,25.718004887763634,2,no,southeast,12351.697132956271
40,male,27.946006575304807,3,no,northwest,15504.464493977615
32,female,26.25789765924048,0,no,southeast,8584.764675351433
45,male,18.098133734584515,0,no,southwest,4073.5147316731764
51,female,22.242658424724983,2,yes,northwest,34612.44367216396
19,female,25.42364977711354,4,no,southeast,15951.609739282783
49,female,21.16122102863557,1,no,northwest,14576.050805257702
40,male,28.399714919984817,2,no,southwest,14417.419102550824
39,male,32.12300332937479,3,no,southeast,16063.126532448481
42,male,30.875047406789268,3,no,southwest,18584.893325819798
39,female,25.14622851627917,0,no,southwest,4214.577254056876
39,male,31.96290454739981,3,no,southwest,15262.683848225675
59,female,26.594669828808446,2,yes,southeast,33687.314005644264
23,male,24.651656115527842,3,yes,northeast,33230.956400337374
32,female,23.54638934583624,2,no,southeast,7802.614375541671
60,male,24.790121254047488,1,no,southwest,15639.271324487438
54,male,24.447292725835084,0,no,southeast,9900.380200631507
50,male,26.681664889501953,3,no,southwest,16973.92636021826
25,female,26.64229592419946,2,no,northeast,12274.64163495968
61,female,26.012184080613657,4,no,northwest,21827.41660587663
61,male,27.7477526789854,0,no,northeast,7925.650266048985
22,male,30.762585099145365,1,yes,northeast,30577.159350768696
56,female,29.798216541765296,2,yes,northwest,37851.999829762775
21,female,20.060408126200386,1,no,southeast,8904.027106558617
23,female,15.78431546039218,1,no,northwest,7397.461213723396
62,male,29.737279644957095,3,no,southeast,16939.675697679846
49,female,20.532485206338315,3,yes,southeast,35114.11599638719
47,male,25.100938392429267,2,yes,southwest,32278.087619439877
64,female,21.31954789576256,4,no,southwest,19094.37776586528
52,male,18.79207824967992,2,no,northwest,17216.494806370003
57,female,28.165850912819153,4,yes,northeast,38138.44065148886
33,female,29.036620641210586,1,no,northwest,10131.97617968412
30,female,23.693958397093123,0,yes,southeast,28919.561168100627
59,female,15.63583083142036,2,no,southwest,14550.359272072248
47,female,23.81502220699007,2,no,northwest,11041.629733310234
36,male,27.567216021610186,4,yes,northwest,36991.06632876399
34,female,20.084353724903487,1,no,southwest,10202.217135206149
36,female,26.73343967911662,1,no,southwest,12898.04462669963
45,female,25.93876060330802,4,no,southwest,15743.447324256282
43,male,28.317165998404352,1,no,southeast,13928.072165191757
54,female,26.478321473656614,3,yes,southwest,36500.00267053144
43,male,22.10772423647378,0,no,northeast,7084.116658170008
40,female,30.786286006657967,2,no,northwest,11539.700577177735
26,female,25.36588170789212,0,no,southwest,11541.953397395484
29,male,25.890781841960273,2,no,southwest,11758.324322721173
18,female,22.266928163707217,3,no,southeast,14673.008233460976
18,male,24.22687099523396,1,no,southeast,5383.761210783741
64,male,22.460789143892395,4,yes,northwest,44675.389775927804
51,female,25.308215760306307,3,yes,northeast,37948.132408795514
49,male,32.846833920569374,0,no,northwest,10958.486355803456
42,female,20.512395428274573,4,no,southwest,16587.66828428898
57,female,19.545754408493035,1,no,northeast,14169.196256605992
62,male,31.884681309974432,3,no,northeast,19931.299635444982
18,male,25.162705291392534,4,no,northeast,15197.599619073386
33,male,23.323709045360335,3,yes,northeast,34321.75751640446
56,male,30.159618749584304,3,no,northwest,18754.057917968694
22,female,23.577537841052543,1,no,southeast,5716.5928938396455
39,female,33.304038854187745,2,no,southeast,13818.258345609043
46,male,28.711703485357077,4,no,southwest,15048.612980485721
20,female,24.04835436741719,1,no,southeast,10209.18468940501
29,female,34.629232853062014,3,no,southeast,14474.218628545765
43,female,23.577140307986646,1,no,southeast,8156.843842641645
33,female,28.968381488037227,2,no,southeast,11506.103249569507
54,male,27.19717032162597,4,no,southwest,19138.146467256764
39,male,31.206965157595192,2,no,northwest,13730.93626640742
46,female,32.24604478690741,0,no,northeast,8702.895839315937
31,male,26.128016596263066,4,no,southeast,12915.866115791381
45,male,22.986328518615267,2,no,northwest,13647.865574061005
22,male,27.839888571756465,3,no,southeast,12606.441500850371
64,female,23.289138520991575,4,yes,southeast,38883.8385802719
47,female,34.05354899010649,4,no,northeast,19191.3394230447
63,female,26.54614132433095,1,no,northeast,14469.359639216826
22,male,24.538713794751565,3,no,northeast,14893.893003539826
29,female,26.738721223459635,0,no,southeast,8540.762646608813
33,female,20.611494841881214,2,no,southeast,11659.074900480713
43,male,22.113543845957395,1,no,southeast,11349.527076191605
43,female,30.801655631777702,2,yes,northeast,33781.857191836294
38,female,23.372422884114417,0,no,southwest,5514.893292733757
56,male,21.81235606927224,0,no,northwest,12783.89234257915
53,male,28.146611010109144,4,no,southwest,20736.19992699744
50,male,30.742816618651986,0,no,southeast,15125.23131089159
47,female,28.875813242660268,2,no,southeast,19036.161261487272
54,female,29.984190743223266,3,yes,southwest,35044.79788413913
40,female,22.972819645722158,3,no,southeast,14329.200159242344
27,male,20.312757333032625,4,no,northwest,20723.079193740286
22,male,32.00533460782195,2,yes,southeast,32519.96569039992
53,female,24.709280644631455,2,yes,northwest,34788.4218050935
51,female,24.99666793417981,0,yes,southwest,27057.74009661084
48,male,31.31277656739623,2,no,southwest,15363.132576632794
27,male,28.22492003760264,1,yes,southeast,34208.864757038704
36,male,27.82355108832643,0,no,northwest,11737.961837872343
49,male,34.66000937960433,1,no,southeast,12612.03263288378
18,female,23.42592707847943,4,no,northeast,14007.367266863168
22,male,29.711360512324948,3,no,northeast,11880.471517476462
62,female,26.228052499588337,4,no,northeast,17743.284219418256
21,female,27.074369115453027,3,no,northeast,9694.449965517666
33,female,32.11387370565013,4,no,southeast,17553.13539181054
41,male,28.031343025158495,2,no,northeast,16726.48996489252
33,male,28.153184316198534,1,no,northwest,11641.500711427205
19,male,30.29002934923921,3,no,southwest,16690.483849779306
45,male,24.54018908182846,0,no,southwest,11646.498801851996
49,female,22.643161330643974,1,no,northeast,10806.383820854744
44,male,21.820763223915865,0,yes,northeast,27880.986677187102
37,male,18.134573642495994,1,yes,northeast,29257.630886297087
41,female,34.22482851976129,1,no,southeast,9510.84180706816
29,male,21.58716653711327,4,no,southwest,15964.660465591149
52,female,25.11498550565691,3,no,northeast,10414.06830797721
50,female,24.892746800444318,3,no,northwest,17182.83101857277
50,female,27.229626791236402,1,no,northeast,12589.68722968503
60,female,29.262948850157187,2,no,southwest,16795.46950302112
54,female,29.44189395343898,2,no,northeast,17402.411356584067
29,female,23.667690245724245,0,no,southwest,8297.589176677708
20,female,25.331513144854355,0,no,northeast,10329.446104280383
18,female,27.1303198019532,4,no,northwest,16469.95558229506
50,male,25.00523549526581,1,yes,northeast,30486.79340542106
57,male,32.42938230407997,0,yes,northwest,31710.454376524238
27,male,27.963899806553005,0,no,northwest,3770.1979078103286
60,male,28.93951114419927,1,no,northeast,11983.521347895521
61,female,28.65152507466965,4,no,northwest,19068.31220306715
46,male,30.6938954299413,0,yes,southeast,31831.32630510359
30,female,26.724086234814827,4,no,northeast,14844.095189879345
29,male,20.812672208176615,3,no,northeast,11407.47197213114
48,male,27.598751807010565,4,no,northwest,14544.686555385859
63,male,23.394572424832685,2,no,northwest,14107.164962813364
19,female,23.885533273000974,2,no,northeast,14801.70360473586
52,male,28.345456075020373,4,no,southeast,19411.30528479814
40,female,30.953132285734544,2,no,northwest,16069.785281857266
34,female,26.08508630694425,3,yes,northwest,32816.90879606035
43,male,27.235332050395854,1,yes,southwest,28600.16688987473
25,male,32.80885977854095,2,no,southeast,10619.617027532055
46,male,26.963012717954275,2,no,southeast,13798.34032527558
43,female,36.40673245672158,4,no,northeast,15593.088804385803
27,male,28.262038582526177,3,no,southeast,12339.226883685693
43,female,18.95694896337673,1,no,northeast,10127.278628057413
51,female,29.01336648441813,4,no,southwest,16260.822684757024
58,male,27.52463353953111,4,no,southeast,15057.560673256561
24,male,31.159011016330982,3,no,northwest,15211.109599685713
21,female,28.692725405079834,1,no,southwest,9930.287970785097
62,female,25.446176064064904,3,no,northeast,18847.29494807324
28,female,21.102807054842536,1,no,southwest,7579.148501495115
46,male,25.163906970855898,3,no,northeast,17152.62688026612
53,female,22.5979181831628,4,yes,southwest,41358.60838897377
42,male,23.67790620078111,4,no,northeast,17724.42946447371
38,female,28.35431361768244,0,no,southeast,8250.990134643167
53,female,32.67961801740562,2,yes,northwest,36126.08490249961
27,male,27.578686119291923,3,no,northeast,12900.16244526723
54,female,21.216467751859263,0,no,southwest,8751.432884642496
26,male,27.77841067288056,2,yes,northeast,33522.20291358276
41,male,30.786525946582604,3,no,northeast,15979.204549742124
52,female,23.56086838272247,1,no,northeast,14610.191306900058
52,male,25.46393133330833,2,yes,southwest,33407.940288174526
53,male,26.058752778916787,4,no,northwest,17829.401394443335
35,female,22.86040674767104,0,no,southeast,7366.978009537056
56,male,28.593121735375437,2,yes,northwest,33078.25746970068
49,male,25.516207405568874,2,no,northeast,15632.091278346958
41,male,27.67812977562811,4,no,southwest,22007.049284353932
40,female,22.4500312887916,3,yes,northwest,34235.545522867695
49,male,24.25016679870636,1,yes,northeast,30539.008112649986
54,female,28.889525431311085,4,no,southeast,17687.258118848036
29,female,24.508667391632933,1,no,southeast,8540.53354479924
30,male,32.90785540493362,3,no,southeast,18881.138453468327
40,male,24.401455257541592,2,no,northeast,11563.038960480217
42,male,26.898738903007544,1,no,southwest,10409.214178822429
52,female,29.73036332749236,0,no,northwest,8665.364161196529
58,male,20.326537068267875,0,no,southeast,11387.29754772614
47,male,18.956764752076896,4,no,northeast,17565.540875698025
34,male,19.89737474171962,3,no,northeast,12125.64244839488
37,male,31.050336413708727,4,yes,northwest,36124.408088105585
42,male,23.792567416430213,4,yes,southeast,40265.86674107111
39,female,36.23279714267301,4,no,northeast,19211.974941072138
30,female,23.743009605370446,0,no,northwest,8203.370790894596
36,male,26.73820521278815,0,no,southwest,9158.948692609752
53,male,32.1684398102715,4,no,southwest,22522.938738476652
29,male,34.024371552636495,0,no,southwest,7614.445585885878
58,male,34.24601430654559,3,no,southeast,17856.411820956208
36,female,30.83346492237257,4,no,northwest,17428.76257114949
29,male,30.09625010324585,0,no,northwest,5476.898370069721
26,female,28.37010779680473,1,no,northeast,8441.73852619826
24,female,29.11344430466655,4,no,northeast,18316.038515495187
45,male,23.795257134685865,4,no,northeast,19020.426992660236
31,female,22.72720446631077,3,no,northwest,15974.133750204062
48,female,25.986502170356193,2,no,northeast,12819.119989008435
36,female,25.319261509900286,2,no,northwest,11732.461821742385
64,female,24.1870878026909,3,no,northwest,13823.869009923934
33,male,28.78554978982686,3,yes,southwest,36920.97904259799
22,male,29.821220834282045,3,no,northeast,16357.548704388602
52,female,26.353627545167388,2,no,southwest,16638.567442104693
29,male,31.910120324221047,3,no,southeast,18490.206571798688
42,male,21.43324354346598,0,no,southeast,10044.217186979811
38,male,25.225362162881126,4,no,southeast,19958.836105669612
53,male,23.13271071758878,4,no,northwest,17899.050781684244
40,male,18.53385353170776,1,no,northwest,7465.979269988899
33,female,25.669277256629204,1,no,northwest,12155.304805806076
56,male,25.513009966466864,4,no,northeast,15094.823741275979
62,male,32.05379897296852,0,no,southwest,12951.163893580435
59,male,28.52324673821911,2,no,northwest,17515.296951892335
56,male,21.90325270268318,2,yes,southwest,35248.51759207039
31,female,33.41637026533675,0,no,southwest,14339.760194231902
48,female,30.884134782101412,2,no,southwest,11044.968968126326
22,female,28.328390813874464,3,no,northeast,13699.956817703063
52,female,25.094063604600674,4,yes,northeast,38253.72365142545
40,male,22.16224305310608,4,no,southeast,14311.794367635173
46,female,24.511172895715788,0,no,southeast,7292.534418551429
60,male,30.354994478816742,2,yes,southwest,34380.74167411015
28,male,33.53834522373844,1,no,southeast,9308.374456649164
35,male,32.172974113088756,1,no,southwest,11718.605522290016
64,male,24.044602312854902,2,no,northeast,14194.070199695681
29,male,21.521530266843953,1,no,northeast,10535.816768191351
26,female,26.563544987644814,0,yes,northeast,29211.56992993509
27,female,18.926242537748593,0,no,northwest,8863.557919437779
61,female,27.292670856739125,2,yes,southwest,34738.28168097831
34,female,25.409589654805327,1,no,northeast,11050.869189890009
55,male,24.135853992527032,0,no,southwest,12570.257832353465
24,female,19.621187730932817,0,no,southeast,8291.12916255498
63,male,28.054400426278868,3,yes,southeast,41628.835474142616
30,female,23.869196641352353,3,no,northeast,15964.357973533375
57,male,21.320332657158847,0,no,southwest,14136.814145296923
59,male,14.510951146873403,2,no,northeast,9915.31374413987
26,female,25.889940379797455,4,no,southeast,15971.340318239956
44,male,33.089006386678975,4,no,northeast,18369.93627543136
19,male,32.64503685819148,0,no,southwest,8179.047911009866
22,female,24.17161497365491,0,no,southeast,5590.081159791722
46,male,23.59115175855288,0,no,northwest,10392.39880076836
54,female,27.875097024300096,2,yes,southeast,31358.30654002519
55,female,22.006458243246833,3,no,northwest,17306.873725742582
36,female,27.207167599277863,0,no,northeast,7498.011079494492
25,male,29.06432111353876,0,no,northeast,7312.092042466884
62,male,30.90773289553723,1,no,southwest,15258.550118238922
18,male,25.59938369408019,2,yes,northwest,31077.432194548703
39,female,25.185304999292136,0,no,northeast,11044.902822671334
34,male,22.488069652973756,1,yes,northwest,28460.992988308022
24,female,22.69247858384056,4,yes,northeast,35238.58869556575
42,female,25.094084432393892,0,no,southeast,10996.36312050108
62,male,27.46946202726471,0,yes,northeast,32416.291892955738
21,female,29.654338504932998,1,no,southwest,10882.056207912194
53,male,22.78728419727862,2,yes,southeast,36516.085716766465
23,male,31.970754275838086,0,no,southwest,7881.665957428562
48,male,24.915505595829725,4,no,southeast,16566.338245755458
36,male,25.914530822606256,0,no,northwest,9934.715038385923
61,male,23.011153283408706,4,no,southwest,18801.13702797782
56,female,16.303038958908232,3,no,northeast,18844.40713539543
44,female,29.536181585444197,3,no,northwest,17046.78319131895
27,female,28.947375588369734,4,no,northeast,15242.77375709342
43,male,24.874689771527148,2,no,southeast,13976.768053622283
36,male,26.267962868899488,0,no,southeast,7048.193245334831
56,male,28.0637568708164,0,no,northeast,13106.608310877393
20,female,19.74981657245383,3,no,northeast,10205.695386903697
62,male,23.88378929061482,4,no,northwest,21644.13054839237
30,female,29.17705871848731,0,no,northeast,9477.164766066615
45,female,20.982842307323004,0,no,southwest,9170.878060754652
37,male,27.174231728666516,2,no,southwest,14661.514647601056
45,male,20.57367278150638,1,no,northeast,12522.65328832471
25,female,27.865719929734105,3,no,southwest,16733.907357262942
58,male,25.857434070810065,3,no,northeast,19613.610290868946
56,female,19.539472736377963,1,no,northwest,13304.580888332574
18,male,30.658957417828685,0,yes,southwest,26188.25010748258
20,male,23.061633692807803,2,no,southwest,9916.981999107518
30,female,22.758990251942475,2,no,northeast,11856.706228376703
45,male,26.80227678892377,3,no,southwest,18023.89874657494
42,female,30.59454939771486,2,no,southeast,13406.136956868022
50,male,21.936712724086412,1,no,northwest,11254.118959139727
55,female,26.246719399391885,0,no,northwest,14446.04513841323
23,female,27.71526600132229,1,no,southwest,9634.456177509004
61,male,28.772422429052575,4,no,southwest,18585.020705277304
62,female,26.705766221108902,3,no,southeast,19094.445301010073
49,male,24.53188864366671,2,no,southeast,13787.73143408083
62,male,22.68963911740512,4,no,southwest,16420.801673132868
64,male,26.344575532185498,2,no,southwest,17750.743272051848
38,female,21.71144395205757,0,no,southeast,7305.92135860145
33,female,14.31459806602157,0,yes,northeast,28387.171196779153
38,male,27.74623921663067,0,no,southeast,9212.969615751423
28,male,29.61573936434478,2,yes,northeast,33183.35021980868
54,female,16.548270257832648,4,no,northwest,14017.85185487067
53,male,21.96107718116025,0,no,northwest,9629.80104240153
52,male,28.47661704402079,4,no,southeast,21144.99752903556
36,female,34.22998187884679,2,no,northeast,16976.887415552665
37,male,26.083174830701633,4,no,southeast,14934.054202859686
35,female,23.08798823508346,2,no,southeast,14341.196485423632
64,male,25.26841423558064,2,no,northeast,13930.82333826496
58,female,31.49950567659274,3,no,southeast,17350.83661654398
31,male,23.41614328350186,2,no,northwest,11456.031267081496
32,male,22.803231973398987,2,no,southwest,12417.607419410817
48,female,24.069025911271872,1,no,southwest,13802.732912581725
18,male,22.18668556696515,0,no,southeast,7329.169072058222
20,female,26.490681263979184,3,yes,northeast,33045.87273214815
33,male,32.49871383387824,3,no,northeast,17734.36523285208
40,female,27.292317092464117,3,no,northwest,13853.140638025394
28,female,24.99058599149485,1,no,northeast,9645.565113064102
29,female,24.832754924337824,2,yes,northeast,33891.562456755055
27,female,19.747236765213373,0,no,northwest,8758.612423581146
49,male,29.532439108588637,4,yes,southeast,37873.8798668279
33,male,25.68865121194879,2,no,southwest,9411.816709189223
25,female,25.2780803456375,1,no,northwest,10177.332450717122
55,female,38.77243027137944,2,no,southeast,14097.135650469912
29,female,27.195011633462745,2,no,northwest,11913.99959731022
41,male,22.992835799619264,1,no,southeast,13457.896798473335
45,male,24.294569615177828,3,yes,northwest,36693.5172926037
25,male,30.59378283678702,3,yes,southeast,30571.44861133307
45,male,26.45308164215106,0,no,northwest,10191.519337110845
53,female,20.246888086730532,0,no,southeast,9661.660170794812
43,female,29.676915738300814,3,no,northwest,13687.948346209263
25,female,23.327423657844022,4,yes,southwest,36170.04259160421
45,male,33.493191104870185,2,no,southwest,14215.162523392582
45,male,30.320192262858594,4,yes,northeast,37592.97037529272
54,male,24.210712417364995,2,yes,southeast,34648.09023685344
58,female,31.124065446940453,3,no,northwest,16773.044027585118
53,female,26.271422042109613,0,no,southeast,10745.75607615505
44,male,29.411094700488878,0,yes,southwest,29095.569160837906
34,female,27.9389312691779,4,no,southeast,15910.863332590496
26,male,22.614573380036507,0,yes,northwest,29585.859538591056
50,male,23.42580067073015,3,no,southeast,18189.343272760554
37,female,30.119843270324644,4,no,northwest,14306.660159779678
30,male,24.660898671573836,2,yes,southwest,33494.145687693104
45,female,24.385406147032015,0,no,southwest,12297.18200925221
46,male,22.17950968260259,1,no,southwest,14714.753634807152
30,female,27.694396262373843,0,no,northeast,9579.638704245006
63,female,34.25009967697258,2,no,southwest,15035.224219906722
52,female,21.729868342982908,4,yes,southeast,39459.96168069507
23,male,26.09687782669103,2,yes,northeast,29780.870854906374
35,male,31.648882221661715,1,no,southwest,11143.846112019035
22,female,25.681434435017138,3,no,southeast,14102.451201093065
64,female,27.809487184998936,0,yes,southeast,30352.37874376231
42,male,21.750425887412483,4,no,southeast,14907.19938656443
19,male,27.713228388830593,3,yes,northwest,34374.19231474777
27,male,25.251422939981804,2,no,northeast,15484.73299662099
47,female,29.942919982719452,4,no,southeast,21175.052657502816
62,male,30.749544206259003,3,yes,northwest,39764.28121135199
22,male,36.35825456807446,4,no,southwest,19430.02178479436
50,female,28.3185326928543,1,no,southeast,13939.145532934694
18,male,27.303185266328665,1,no,northwest,10160.437512084518
35,male,26.777537206309344,0,no,southeast,10652.743120459163
49,male,24.587334828757246,0,no,northeast,7163.273815891956
64,female,27.353935373846763,1,no,northeast,14269.757673655178
28,female,24.818394359443882,4,no,southwest,15638.103587512313
38,female,26.673843905078456,1,no,southeast,11292.574443304818
43,female,31.27039014243184,0,no,northwest,9631.33359899279
42,female,21.973829738881435,1,no,southwest,12240.975689548464
39,female,30.55951424451618,1,yes,southeast,30376.046829528022
44,female,31.268460269359462,4,no,southwest,17585.98219508782
30,male,25.527725892035686,3,no,northwest,12797.785351102937
50,male,17.51258040396562,0,no,southwest,11727.893274539738
51,female,23.56871205162227,4,no,southwest,18076.552993581612
58,male,31.187978186244436,1,no,southwest,13115.93095765536
52,male,25.90852775080447,1,no,southeast,11634.846160128533
18,female,22.002791070820358,3,no,northwest,12807.761233360814
38,male,23.98090031508713,0,yes,northeast,32044.349837739708
23,male,29.36248010601821,0,no,southeast,5699.455348510299
45,male,28.186934272805516,2,no,northeast,15488.406849920675
34,male,25.044271603321224,0,no,northeast,9352.57899672626
22,male,24.53270235274125,3,yes,southeast,31434.06920310645
48,female,24.432967403824712,2,no,southeast,16733.746580309373
22,female,22.31035926200599,2,no,northwest,12278.560901761353
55,female,32.46150275787777,1,yes,northwest,32976.833945116035
20,male,24.710718123154642,1,no,southwest,5281.173348107481
40,female,30.868634083301984,0,no,northeast,10632.020485658622
54,male,32.085264207689804,2,no,northwest,15727.561672025995
54,male,29.993243592591842,1,no,southwest,11337.22285598613
27,male,24.273518749127806,3,no,northwest,11612.771179728727
27,male,27.61492036134644,1,yes,southeast,31960.0038065083
36,female,25.903217574436336,1,no,northwest,6869.253700245277
34,female,22.38519255707949,2,no,northeast,13028.565510146072
38,male,27.29743712688641,2,no,northwest,12884.613474755559
31,female,21.28384083536079,4,yes,northeast,37094.30965670688
26,male,30.750717553846254,3,yes,southeast,34161.53349104885
63,female,24.14153081080643,2,no,northeast,15886.549930520629
18,female,26.804638623491357,0,no,northwest,5675.378035640852
62,male,27.13315148618457,3,no,southwest,17528.22046489018
30,female,24.96438010518369,3,no,southeast,14978.167756301485
21,male,28.3467752059011,2,yes,northwest,32071.098783731162
18,female,24.1003853735099,3,yes,southeast,33560.61368480309
57,male,29.485189189828976,2,no,southeast,13741.195239062503
49,male,20.616081279013006,1,no,northwest,10718.650876230296
51,female,26.505518318185647,4,yes,northwest,37254.42398520524
45,female,33.755715996233135,1,no,southwest,12698.163688073122
48,male,21.998674701577702,2,no,southeast,16517.165739235657
25,female,23.289020117900595,2,no,southeast,10791.642488928599
56,female,28.05563139863566,1,no,northwest,10924.00736019613
43,male,26.718327127758393,0,no,northeast,10726.956801252863
51,male,27.402520397094236,0,no,northwest,13273.79094228781
20,female,27.956748520590654,0,no,southeast,5068.926000413512
29,male,28.53888587424708,2,no,northwest,16553.398684285596
18,male,30.438799367824892,3,no,southwest,14718.113078211121
61,male,27.63927462771405,2,no,northeast,17695.63650367959
22,female,25.03496938152583,3,no,northwest,16141.137146391795
47,female,28.690294804810925,1,no,southwest,14383.29424637767
47,male,33.599527739580864,4,no,southeast,19198.83435390081
34,female,25.469465014469705,3,yes,northwest,36929.28929127677
64,male,22.101882781317435,0,no,southeast,11909.19953974184
40,female,30.42832267714789,2,no,southwest,16266.633985244858
32,male,25.518475344185607,1,no,southeast,12703.446036398487
54,male,17.309321815943854,0,no,southwest,8218.206820054464
38,female,29.389686708601687,1,yes,southwest,33266.53960567435
31,male,23.85868725618431,4,no,southwest,15736.216162973256
19,female,25.637866870783355,2,yes,northwest,31303.954647724702
28,female,27.327921322276058,2,no,southeast,12519.769762140808
56,male,26.761998719116267,4,no,southeast,19126.34017897397
55,male,28.83780726855616,2,no,northeast,18314.61207816931
51,female,24.258054517720627,3,no,northeast,13367.104746211873
55,male,28.05242319270433,1,no,northeast,9665.797924801296
51,male,24.96181328966433,0,no,northeast,6233.419856668854
35,male,28.955241923550012,4,no,southeast,19429.33691258183
47,male,28.461469936052215,3,no,southwest,14845.419003475123
32,male,22.25824519182162,0,no,southwest,8464.372939029772
44,female,30.343928464700127,0,no,northwest,10239.351444690868
51,female,23.85614621954381,4,no,southwest,16327.24971872004
55,male,29.23223119312458,3,no,southeast,19049.40071373631
50,male,27.469149253605362,0,no,southeast,10238.903914286304
41,male,33.35273470718049,0,no,southeast,10295.076787359329
32,female,25.10613607051259,3,no,northwest,14686.96982958302
47,male,24.60273281552721,2,no,northeast,15141.544169676434
59,female,25.922321576449068,0,no,southwest,9166.511828220919
34,female,24.787280868662897,1,no,southeast,12145.836694666574
22,female,29.1997676077682,3,no,southeast,16939.66056110034
46,male,19.53475756625365,0,no,northeast,6747.755262477647
21,female,21.785270323414583,4,yes,southeast,35656.59795825566
27,male,21.72878831368323,1,no,southwest,9090.155575285346
34,female,29.801230367894302,0,yes,northwest,30758.707235019145
27,male,32.8424534903277,1,no,southeast,8835.172273011838
34,female,25.582203125850114,1,no,southwest,13774.317076457173
37,male,25.32471310723996,2,no,southeast,9549.153008589854
41,female,26.280208652452725,1,no,northeast,10867.479850937478
22,male,30.647513210432763,2,no,southeast,13198.094794077273
51,male,22.290587463237703,3,no,southeast,14727.32630613035
23,male,26.953475930939142,2,no,northwest,10003.892089273755
19,male,29.900790519129718,4,yes,northeast,36324.629377086996
30,female,28.004376679759382,0,yes,northeast,28756.395175934034
60,female,26.758326466394973,3,no,northwest,17363.541632109293
60,male,30.004184370268565,3,no,southeast,19718.213896984962
28,female,15.187070828003051,4,no,southwest,15011.054613143957
64,male,28.71150127812363,2,no,northeast,16781.485555214735
40,male,23.383697267490305,0,no,northeast,7986.79438344837
33,female,18.67746841257417,2,no,southeast,10601.341028341183
48,male,28.044810398099923,1,no,southeast,11839.444822639947
28,male,31.49463418065183,2,no,northeast,12101.396461743103
33,female,25.450205941489234,3,no,southeast,13492.433585972283
25,male,29.811498188811754,0,no,southwest,10792.954473366673
21,male,32.44911303195458,2,no,northeast,12081.615698319809
57,male,31.25965781433619,0,no,southwest,10626.118218307507
21,male,32.559858117485575,0,no,southwest,8668.129171593097
42,female,28.96850996428757,1,no,southeast,12202.157871114328
20,female,26.30173455560637,1,no,southwest,6886.584451933131
49,female,19.592136752411328,3,no,southeast,15303.187456152313
20,male,25.015750047480207,4,no,northwest,14325.781361298847
44,male,22.627013618735234,0,no,southeast,9055.711452583053
46,female,34.68377086999126,4,yes,southwest,40987.810920074226
49,male,25.296456750270654,3,yes,northwest,36232.6350923799
36,male,26.492819227137943,0,no,southeast,11354.43854019825
38,male,28.20594150416187,0,no,southwest,9417.867589054744
22,male,26.174409785489814,4,yes,northeast,38987.05651785809
35,female,32.78020416172301,2,no,northeast,13134.490804881298
45,female,23.50940255306219,1,no,southeast,9960.875237669752
59,female,26.778429820948972,2,no,southeast,16350.29131374374
39,male,23.030117657207807,4,no,northeast,19628.163874930036
38,female,20.719909955117178,1,no,southwest,8042.393390829548
23,female,23.552923636378857,2,no,southwest,10906.01870357137
18,male,25.851852811806353,1,yes,southwest,27748.806672189527
22,male,24.28279110193096,0,yes,southeast,27485.70202598416
58,female,23.230316080504576,2,no,northwest,14820.03584699881
29,female,20.374730145312665,1,yes,northwest,32590.762495255443
43,female,25.667577709485222,1,no,northwest,11216.705956147478
63,female,19.98111850387599,1,no,northwest,16049.568197940458
51,male,29.04022385475841,2,no,northwest,14277.84409891431
31,female,26.329759011738012,3,yes,southeast,36218.915552558035
43,female,20.16979400214028,2,no,southeast,13757.326056273438
62,male,24.763163691800546,4,no,northwest,22659.770797366888
44,female,22.99137437763767,2,no,southeast,10445.970274371144
26,male,27.27669804167672,1,yes,southeast,27727.624172815693
43,male,31.361801784092577,0,no,northwest,14235.60492613529
64,male,18.49931012141702,2,no,southwest,13933.469813027292
39,female,26.460104316589668,2,no,southeast,11852.414147166211
64,female,25.35946881773344,1,no,southwest,11720.44659254698
47,male,28.68536030580186,0,yes,southeast,32733.96397422782
60,female,26.852786512950757,0,yes,southeast,28863.642076139906
34,female,22.992122673044722,4,no,northwest,16444.900824555323
43,male,24.723784257333527,2,no,southeast,12768.756356438924
53,male,22.815896572786045,0,no,northeast,12373.031167008869
18,female,30.304028554394392,0,no,northeast,6733.440386215589
25,male,26.085246594687767,3,yes,northwest,34547.5944771641
52,female,33.60476274301203,3,no,southwest,15578.520201847867
32,female,25.757356744741518,0,no,southwest,12899.353426302705
64,female,23.16637293235815,4,no,southwest,18920.81535069258
39,female,19.945142429548692,0,no,northeast,8917.526969770734
31,male,18.78744129497622,1,no,southwest,13409.508717701085
43,male,19.663456227978042,2,no,southwest,12126.65445138958
45,male,27.068506604045933,4,no,northwest,21248.466006686423
40,male,28.034900092919735,1,no,southwest,10784.037670308026
31,female,19.675237191871467,4,no,northeast,17443.39636764252
41,female,29.580153256304463,1,no,northeast,10870.667370942296
19,male,24.067755793266244,2,yes,northeast,28187.92710971053
62,female,26.587172047942197,2,no,northwest,16346.62311066967
43,female,32.4488825130217,3,no,northwest,18069.583304571406
31,female,29.587357263462128,1,no,southeast,8385.699968039948
24,male,24.92587740837667,3,no,southwest,12785.883362182576
20,male,22.43523109833885,1,no,northwest,11401.517923073814
64,male,17.39273839468278,3,yes,northeast,38600.237901593224
40,female,23.12338672303032,2,no,northeast,12209.5699964319
63,male,25.155479044689223,4,no,northwest,18136.044405668934
60,male,22.051281891395263,3,no,northwest,20896.48865026955
64,male,25.474972131630782,1,no,northwest,10601.130286720441
62,male,26.30740753183507,1,no,southeast,13343.08435754981
35,male,25.100576072767687,2,yes,northeast,29590.721467165647
55,male,23.399989676706163,1,yes,southeast,35129.629289688564
52,female,26.67461868786691,0,no,southeast,10520.67651315671
32,female,27.767762598277635,4,no,southwest,17109.900689194394
42,male,21.638403690228614,3,no,northeast,20737.784619255217
54,male,31.64372951898508,4,yes,northeast,38541.80055232423
45,female,25.60564747086295,2,no,northwest,17118.28132228966
27,female,26.075398491779392,3,no,northwest,13133.615869539502
56,male,28.832857693026227,3,no,southwest,16899.54662343545
34,male,26.932864525054008,0,yes,southeast,34062.923418252
56,male,29.81254653565298,2,yes,northwest,35240.32855260725
39,male,27.148496660807297,1,no,northwest,8580.956523570963
43,female,23.55025050143825,0,no,northeast,9863.837576252625
61,male,27.446014100824407,0,no,northeast,11243.729169830873
42,male,21.425095170717352,4,yes,northwest,37934.19168346772
34,male,26.434238823106092,4,no,northeast,16419.65217796568
30,male,25.867080037422156,4,no,southwest,20604.50523989396
37,female,25.16753257090984,0,no,northwest,9846.97819185384
42,female,25.485849954244276,1,no,northeast,9147.24073539722
21,female,18.472603818009443,3,no,southwest,13349.093604047708
27,male,23.805100369036154,4,yes,northeast,34100.740351665925
20,male,26.37137960456446,1,no,northeast,8778.848235906986
58,female,26.6394255679896,2,no,northeast,13307.003692464275
62,male,21.889299436296167,4,no,northwest,23414.237046412047
35,male,31.062831363458802,3,no,southeast,14329.797042335316
64,female,22.535300607142,2,no,northeast,16775.128703988274
53,female,29.877828802106947,2,yes,southwest,34628.60691666814
64,female,27.70877744748674,3,no,northwest,15624.929144351767
39,female,23.41509076062479,4,yes,northwest,37295.29860579901
51,male,33.10124357043805,0,yes,southwest,32521.632388259026
64,male,21.22545267297408,3,no,northeast,18517.253065509027
25,female,29.676616694440007,3,no,southeast,9190.885029806115
57,male,30.002329272171913,3,no,northeast,15230.774427096201
61,female,23.31751916369342,2,no,southwest,17015.109438043768
36,female,31.569861200257314,1,no,northwest,10066.758314833878
59,male,24.999813941604188,0,no,southeast,11305.888100620223
58,female,27.154774517119428,4,no,northwest,16714.905512966317
54,male,27.041287355084883,4,no,southwest,20271.45967533386
23,male,25.46276503411781,1,no,northeast,11255.092198814711
43,male,29.24323309263913,3,no,southeast,17612.46643087256
51,male,29.173954882208854,0,no,northwest,12999.904601148966
62,female,19.005872107047278,4,no,northwest,22327.800289799066
23,male,31.217360971512612,4,no,northwest,14195.323931084571
54,female,19.350032047857304,3,yes,northeast,34822.656137697275
50,female,30.13018481736663,1,no,southeast,14821.124104080915
39,female,30.506820547310333,0,yes,northeast,32261.80365313703
38,female,21.636134279139206,1,no,northeast,9451.31409285615
23,male,24.35674284818166,1,no,northeast,7812.2278693488315
23,male,21.577181326056255,0,no,southwest,5995.573020138989
21,female,25.14031587884506,0,no,southwest,3917.8732476811197
47,female,24.767862863257037,4,no,southwest,15157.17763565185
28,male,29.118642129077358,4,no,southeast,14129.143135755166
47,female,31.24123498447843,0,no,northeast,10360.05004928442
48,male,31.582735243159824,2,no,northeast,15658.220080299874
41,female,23.751327893686792,4,yes,southwest,37966.94566328474
26,male,25.16311250502189,2,yes,northeast,30615.497994453017
20,female,19.2662472311162,0,no,northeast,6032.025767438242
48,female,22.776519734015245,4,no,northwest,18047.322990302524
57,male,29.85940653238983,1,no,northeast,10679.852192179113
54,female,32.46233129419293,0,no,northwest,13811.347323004764
53,female,21.062604512480313,3,yes,northeast,38870.77055802854
41,male,23.630142963388423,2,yes,southeast,31848.83872462392
48,female,25.89437697216429,0,no,southwest,9182.0030757353
23,male,27.120644635278428,0,yes,northwest,30210.753376746023
19,male,22.761585920313415,4,no,southwest,14653.896818020201
37,female,27.696244177856357,4,no,northwest,18415.73972747453
45,female,24.104642611716336,4,no,northwest,17315.38921239845
28,female,25.942190916486883,3,yes,northwest,37101.05296025792
21,female,28.185136992014797,4,yes,southeast,36717.186654905956
32,female,26.02568907924375,0,yes,northeast,29500.449359687133
23,female,24.254456437893726,4,no,northwest,16432.613077467173
47,female,25.561560784296677,1,no,southeast,10702.084684203912
55,male,25.646548163178657,4,no,northwest,17702.831358790663
19,female,24.51995588047149,3,no,northeast,14438.49127911995
32,male,24.964815749331592,1,no,northwest,10452.825658867236
28,female,32.39458868201887,0,yes,southeast,26923.69572078023
25,female,28.243677791764956,0,no,northeast,11894.944407602552
43,male,24.818078727883357,2,no,southeast,15256.1437345942
62,female,28.787817618042943,1,no,northeast,14032.816171298628
61,female,24.66472204097596,2,no,northeast,14552.99803640007
22,male,30.692498550346563,1,no,southwest,10735.851425129478
23,female,27.478568768792375,1,no,southwest,10830.75395207333
43,female,25.570791423983085,3,no,southwest,11348.15681345652
21,female,27.790867703241112,2,no,northeast,15882.87295961973
36,male,19.716495391726003,3,no,northwest,13020.23138166616
37,female,21.49293012436078,1,no,southeast,10696.188734022486
50,female,21.224299974403777,0,no,southeast,10069.733765558292
37,female,26.571772379054828,1,no,southeast,15008.05491318867
29,female,32.93005999794037,3,yes,southwest,35309.764317574685
64,male,34.92520058477053,2,no,northeast,20562.054705661365
18,male,28.552204405763028,2,no,southwest,12323.895820074833
43,female,28.003377899777828,3,no,northwest,13976.905855543666
31,female,18.795769063389045,2,no,northeast,12369.414936205609
55,male,23.829304801063913,4,yes,southeast,38262.982556570176
54,male,22.848864992367044,0,no,southwest,8231.859030191543
28,female,23.516609606995537,0,yes,southwest,28515.445538944485
53,male,25.32742472566084,0,no,northwest,10409.69044483188
30,female,24.11163768921149,2,no,northwest,13112.843410917081
60,male,18.082800758496848,2,no,southwest,15386.70555919663
20,male,28.991641024470134,1,no,northwest,8496.122410865886
50,male,21.709027897040773,1,no,southeast,13536.667984580628
23,male,26.956987456444597,0,no,northwest,6442.600930781762
27,female,34.296330678999894,4,no,northwest,11359.925090233437
22,male,22.322461633654306,1,no,southwest,9457.305895908434
40,male,15.878849909014681,1,no,southwest,9891.85254553202
27,female,24.855983112479556,2,no,northeast,12464.26100879327
61,male,30.403838539994283,4,yes,northeast,44178.51117987829
19,male,33.833389816882374,0,no,southwest,12722.15734967259
